{
  "version": "2020.2",
  "applications": [],
  "platforms": [
    {
      "name": "SoC_Multiple_IRQ_F2P"
    }
  ],
  "systems": [
    {
      "name": "MultipleIRQ_system",
      "platform": "C:/Users/20002890/SoC_Multiple_IRQ_F2P/Vitis/SoC_Multiple_IRQ_F2P/export/SoC_Multiple_IRQ_F2P/SoC_Multiple_IRQ_F2P.xpfm",
      "sysConfig": "SoC_Multiple_IRQ_F2P",
      "buildConfig": "Debug",
      "applications": [
        {
          "name": "MultipleIRQ",
          "platform": "C:/Users/20002890/SoC_Multiple_IRQ_F2P/Vitis/SoC_Multiple_IRQ_F2P/export/SoC_Multiple_IRQ_F2P/SoC_Multiple_IRQ_F2P.xpfm",
          "platformPath": "C:\\Users\\20002890\\SoC_Multiple_IRQ_F2P\\Vitis\\SoC_Multiple_IRQ_F2P\\export\\SoC_Multiple_IRQ_F2P",
          "sysConfig": "SoC_Multiple_IRQ_F2P",
          "domain": "standalone_ps7_cortexa9_0",
          "system": "MultipleIRQ_system"
        }
      ],
      "platformPath": "C:\\Users\\20002890\\SoC_Multiple_IRQ_F2P\\Vitis\\SoC_Multiple_IRQ_F2P\\export\\SoC_Multiple_IRQ_F2P"
    }
  ],
  "others": []
}